Pos,Pts,Team name,Best,2nd best,Provenance,Official
1,1850,Trillium Carnage,1 (1000) Coup de Foudre,2 (850) Bye Bye,,1 (0)
2,1762,Louis Luncheonette,1 (1000) Bye Bye,3 (762) Movember,,2 (0)
3,1762,Outs,1 (1000) Movember,3 (762) Bye Bye,,3 (0)
4,1599,NinjaX,2 (900) Movember,4 (699) Coup de Foudre,,4 (0)
5,1501,Turbo Fluo,2 (850) Coup de Foudre,5 (651) Bye Bye,,5 (0)
6,1340,Vallée des Licornes,3 (762) Coup de Foudre,7 (578) Movember,,6 (0)
7,1332,Joyeux compagnons,1 (666) La Flotte,1 (666) Oktober Disk,,13 (6)
8,1310,Sugar Mommies,4 (699) Movember,6 (611) Bye Bye,,7 (-1)
9,1302,Rebellion,5 (651) Movember,5 (651) Coup de Foudre,,8 (-1)
10,1248,Squeezy Lemon,4 (699) Bye Bye,8 (549) Movember,,9 (-1)
11,1101,UltiBattleDisc l'équipe d'Ultimate Récréatif ,7 (578) Bye Bye,9 (523) Movember,,10 (-1)
12,1058,KGB,7 (578) Coup de Foudre,11 (480) Bye Bye,,11 (-1)
13,1050,Qg,8 (549) Bye Bye,10 (501) Coup de Foudre,,12 (-1)
14,1021,Quality Control,2 (541) Bonne annee,11 (480) Movember,,17 (3)
15,914,Chainsaw,10 (501) Movember,15 (413) Bye Bye,,14 (-1)
16,914,9h50,10 (501) Bye Bye,15 (413) Movember,,15 (-1)
17,905,Douze Singes,12 (461) Movember,13 (444) Coup de Foudre,,16 (-1)
18,884,L'équipe Pick-Up,2 (541) La Flotte,26 (343) Bye Bye,,24 (6)
19,853,James Street Bulldogs,3 (468) Bonne annee,17 (385) Coup de Foudre,,23 (4)
20,841,Light Weight,11 (480) Coup de Foudre,19 (361) Bye Bye,,18 (-2)
21,834,Piggy Pogo Hippo,12 (461) Bye Bye,18 (373) Coup de Foudre,,19 (-2)
22,827,Disklock,14 (428) Coup de Foudre,16 (399) Movember,,20 (-2)
23,822,Marianne,12 (461) Coup de Foudre,19 (361) Movember,,21 (-2)
24,799,Squall,4 (416) La Flotte,1 (383) CEQU4 Carleton,,31 (7)
25,784,Grosses,16 (399) Coup de Foudre,17 (385) Movember,,22 (-3)
26,745,Connect4,4 (416) Oktober Disk,22 (329) Bye Bye,,26 (0)
27,701,Commando,19 (361) Coup de Foudre,21 (340) Movember,,25 (-2)
28,687,Carl Carmoni,5 (376) Oktober Disk,24 (311) Coup de Foudre,,29 (1)
29,675,Plan B,18 (373) Movember,25 (302) Bye Bye,,27 (-2)
30,669,Evolve,21 (340) Bye Bye,22 (329) Coup de Foudre,,28 (-2)
31,655,Quarks,27 (335) Coup de Foudre,23 (320) Movember,,32 (1)
32,649,Chiefs,22 (329) Movember,23 (320) Coup de Foudre,,30 (-2)
33,622,VTM,23 (320) Bye Bye,25 (302) Coup de Foudre,,33 (0)
34,612,4-Da-Win,1 (333) Victo Bowl,35 (279) Coup de Foudre,,41 (7)
35,603,Bleu Marin,1 (333) CEQU4 Gaspe,9 (270) La Flotte,,40 (5)
36,570,Glenncellents,7 (315) La Flotte,31 (255) Movember,,34 (-2)
37,553,hamer time,24 (311) Movember,33 (242) Bye Bye,,35 (-2)
38,553,Arm & Hammer,8 (291) Oktober Disk,30 (262) Coup de Foudre,,36 (-2)
39,524,Bolt,30 (262) Movember,30 (262) Bye Bye,,37 (-2)
40,518,Weedeaters,9 (270) Oktober Disk,32 (248) Bye Bye,,39 (-1)
41,511,Hurakan,28 (277) Bye Bye,11 (234) Oktober Disk,,38 (-3)
42,495,Vieux jeux,31 (255) Bye Bye,2 (240) Victo Bowl,,45 (3)
43,492,The Astronauts,32 (298) Coup de Foudre,41 (194) Movember,,47 (4)
44,490,Jackalopes,10 (251) La Flotte,42 (239) Movember,,42 (-2)
45,485,Gusto,27 (285) Movember,40 (200) Coup de Foudre,,44 (-1)
46,484,Bazooka,31 (255) Coup de Foudre,35 (229) Bye Bye,,43 (-3)
47,480,Subasko,2 (240) CEQU4 Carleton,2 (240) CEQU4 Gaspe,,50 (3)
48,475,Sasquatch!,8 (291) La Flotte,43 (184) Coup de Foudre,,46 (-2)
49,468,Zizanie,3 (468) Oktober Disk,,,51 (2)
50,468,Brûlés,3 (468) La Flotte,,,52 (2)
51,464,Pisse-Minute,29 (270) Coup de Foudre,41 (194) Bye Bye,,48 (-3)
52,447,Pirhanas,33 (242) Coup de Foudre,39 (205) Movember,,49 (-3)
53,416,Quick and Dirty,4 (416) Bonne annee,,,53 (0)
54,407,Farfadets,11 (234) La Flotte,57 (173) Movember,,59 (5)
55,400,Frisbeenomiale,38 (211) Bye Bye,42 (189) Coup de Foudre,,57 (2)
56,400,Patriotes,40 (200) Movember,40 (200) Bye Bye,,55 (-1)
57,395,Battleship,37 (217) Coup de Foudre,15 (178) Oktober Disk,,54 (-3)
58,393,Hermaphrodisques,6 (393) La Flotte,,,56 (-2)
59,391,Lebœuf Saloon,37 (217) Bye Bye,45 (174) Coup de Foudre,,64 (5)
60,383,Martine joue au frisbee,36 (223) Movember,48 (160) Bye Bye,,63 (3)
61,378,Sony Discmans,41 (194) Coup de Foudre,43 (184) Bye Bye,,66 (5)
62,376,Force toilette,5 (376) La Flotte,49 (0) Mars Attaque,,60 (-2)
63,376,ECU 23,5 (376) Bonne annee,,,62 (-1)
64,365,Dynamite,32 (248) Movember,21 (117) Bonne annee,,61 (-3)
65,348,Nordiscs,13 (204) La Flotte,6 (144) La Viree,,58 (-7)
66,343,TC 23,6 (343) Bonne annee,,,65 (-1)
67,333,Hot Wheels,1 (333) La Viree,,,77 (10)
68,333,Dion chante noël,1 (333) Attache t'ajjuq,,,78 (10)
69,321,Swaggerwalk,47 (165) Coup de Foudre,49 (156) Bye Bye,,72 (3)
70,317,Thunderstruck,45 (174) Bye Bye,52 (143) Movember,,74 (4)
71,315,Sharknado,7 (315) Oktober Disk,,,67 (-4)
72,314,LumberJacks,44 (179) Movember,19 (135) Bonne annee,,69 (-3)
73,310,Tourista,44 (179) Coup de Foudre,55 (131) Movember,,76 (3)
74,304,Mohicans,47 (165) Bye Bye,53 (139) Coup de Foudre,,80 (6)
75,296,Bangarang,46 (169) Bye Bye,56 (127) Coup de Foudre,,81 (6)
76,295,Quidam,48 (160) Movember,54 (135) Coup de Foudre,,82 (6)
77,294,DiskTrackFUL,50 (151) Bye Bye,52 (143) Coup de Foudre,,83 (6)
78,291,G'S Pot,8 (291) Bonne annee,,,68 (-10)
79,291,Apocalypse,49 (156) Coup de Foudre,54 (135) Movember,,86 (7)
80,279,Moldus,4 (148) Victo Bowl,55 (131) Coup de Foudre,,75 (-5)
81,277,Mockingbirds,28 (277) Movember,,,70 (-11)
82,272,Nordisques,48 (160) Coup de Foudre,60 (112) Movember,,90 (8)
83,255,Qrinqué,46 (169) Coup de Foudre,25 (86) Oktober Disk,,85 (2)
84,251,Max Power,10 (251) Bonne annee,,,73 (-11)
85,240,Votre équipe du CA,2 (240) Attache t'ajjuq,,,88 (3)
86,240,Ale-Mah,2 (240) La Viree,,,89 (3)
87,236,Cougars,5 (118) CEQU4 Carleton,5 (118) CEQU4 Gaspe,,71 (-16)
88,234,Tribe,11 (234) Bonne annee,,,79 (-9)
89,229,BAZOOKA,35 (229) Movember,41 (0) Mars Attaque,,87 (-2)
90,218,Boyz,12 (218) La Flotte,,,84 (-6)
91,209,P'tits poulets,59 (115) Movember,6 (94) Victo Bowl,,92 (1)
92,190,White noise,14 (190) La Flotte,115 (0) Mars Attaque,,91 (-1)
93,186,Morues,3 (186) CEQU4 Gaspe,,,95 (2)
94,186,Bars Rayés,3 (186) CEQU4 Carleton,,,96 (2)
95,186,Grues d'Acajou,3 (186) La Viree,,,97 (2)
96,178,Moving Castle,15 (178) Bonne annee,,,93 (-3)
97,166,Benny and the Jets,16 (166) Bonne annee,,,98 (1)
98,161,Tire-bouchon,27 (122) Oktober Disk,9 (39) Victo Bowl,,94 (-4)
99,155,J'passe partout,17 (155) Oktober Disk,,,100 (1)
100,155,Squeezlock,17 (155) Bonne annee,,,101 (1)
101,148,Rogers perchés,4 (148) CEQU4 Gaspe,,,102 (1)
102,148,Bleu Marine,4 (148) CEQU4 Carleton,,,103 (1)
103,148,Frisbeenator,4 (148) Attache t'ajjuq,,,104 (1)
104,148,Sasquatch! Hunters,4 (148) La Viree,,,105 (1)
105,147,Thunder,51 (147) Coup de Foudre,19 (0) Victo Bowl,,111 (6)
106,139,Sangria Ultimate Club,58 (119) Movember,36 (20) Bonne annee,,115 (9)
107,135,Révolution de l'empire de la roche royale,19 (135) Oktober Disk,,,108 (1)
108,132,Bons jacks,7 (73) Victo Bowl,29 (59) Oktober Disk,,99 (-9)
109,126,El Gros Club,63 (101) Movember,10 (25) Victo Bowl,,109 (0)
110,118,Touskis,5 (118) Victo Bowl,,,106 (-4)
111,118,Team Smashbros,5 (118) Attache t'ajjuq,59 (0) Mars Attaque,,107 (-4)
112,114,Oeufs poachés,61 (108) Movember,39 (6) Oktober Disk,,114 (2)
113,105,Kamikaze,62 (105) Movember,,,123 (10)
114,98,Coquins,64 (98) Movember,,,125 (11)
115,94,Némo,6 (94) CEQU4 Carleton,,,112 (-3)
116,94,Bye avec Souper,6 (94) Attache t'ajjuq,,,113 (-3)
117,88,Satyres,7 (73) La Viree,37 (15) Oktober Disk,,110 (-7)
118,86,Adios Pantalones,25 (86) Bonne annee,,,120 (2)
119,73,Nain de noël,7 (73) Attache t'ajjuq,,,116 (-3)
120,72,Young guns,27 (72) Bonne annee,35 (0) Mars Attaque,,122 (2)
121,55,Machines,8 (55) Attache t'ajjuq,,,117 (-4)
122,55,Éponges,8 (55) La Viree,,,118 (-4)
123,55,Capitaines,8 (55) Victo Bowl,83 (0) Mars Attaque,,119 (-4)
124,39,On arrivait pas a s'entendre,9 (39) Attache t'ajjuq,,,121 (-3)
125,25,Octopus,35 (25) Oktober Disk,,,130 (5)
126,25,Poussins pas de tête,10 (25) Attache t'ajjuq,,,124 (-2)
127,20,Liens,36 (20) Oktober Disk,,,132 (5)
128,13,Équipe Épique,11 (13) Attache t'ajjuq,102 (0) Mars Attaque,,126 (-2)
129,10,Benchwarmers,38 (10) Oktober Disk,114 (0) Mars Attaque,,134 (5)
130,1,Disc-men,12 (1) Attache t'ajjuq,,,127 (-3)
131,1,Club des Musclés,40 (1) Bonne annee,,,135 (4)
132,1,Jaws,40 (1) Oktober Disk,,,136 (4)
133,0,Spineux,109 (0) Mars Attaque,,,145 (12)
134,0,Ma mère va être contente que je descende,15 (0) Victo Bowl,,,131 (-3)
135,0,Weedeaters - Qc,37 (0) Mars Attaque,,,146 (11)
136,0,Rue Cockburn,18 (0) Victo Bowl,,,137 (1)
137,0,Mr Freeze,96 (0) Mars Attaque,,,147 (10)
138,0,Pirates,110 (0) Mars Attaque,,,148 (10)
139,0,Disquetaires,116 (0) Mars Attaque,,,149 (10)
140,0,Maigres en soute,64 (0) Mars Attaque,,,150 (10)
141,0,Fraises Poilues,99 (0) Mars Attaque,,,151 (10)
142,0,Disctruction,66 (0) Mars Attaque,,,152 (10)
143,0,Morgan Freemans,100 (0) Mars Attaque,,,153 (10)
144,0,Lumineurs,46 (0) Bonne annee,,,141 (-3)
145,0,Floppy Disc,104 (0) Mars Attaque,,,154 (9)
146,0,Marmottes Volantes,62 (0) Mars Attaque,,,155 (9)
147,0,Pick up Laurentides,14 (0) Victo Bowl,,,129 (-18)
148,0,Mongoose,92 (0) Mars Attaque,,,156 (8)
149,0,Honey Badger,50 (0) Mars Attaque,,,157 (8)
150,0,Teddy bears,54 (0) Mars Attaque,,,158 (8)
151,0,St-Charles,112 (0) Mars Attaque,20 (0) Victo Bowl,,138 (-13)
152,0,Bang-A-Rang,85 (0) Mars Attaque,,,159 (7)
153,0,Frégates,84 (0) Mars Attaque,,,160 (7)
154,0,Scoober Divers,88 (0) Mars Attaque,,,161 (7)
155,0,LSD,45 (0) Bonne annee,,,139 (-16)
156,0,Leftovers,48 (0) Bonne annee,,,142 (-14)
157,0,Frisbee Crushers,76 (0) Mars Attaque,,,162 (5)
158,0,R-D-Hell,95 (0) Mars Attaque,,,163 (5)
159,0,Left Shark,93 (0) Mars Attaque,,,164 (5)
160,0,Petits bonnets,90 (0) Mars Attaque,,,165 (5)
161,0,Zebra zone,13 (0) Attache t'ajjuq,105 (0) Mars Attaque,,128 (-33)
162,0,NinJardin,70 (0) Mars Attaque,,,166 (4)
163,0,J'aime ton corps,113 (0) Mars Attaque,,,167 (4)
164,0,Club École,16 (0) Victo Bowl,,,133 (-31)
165,0,Goats,86 (0) Mars Attaque,,,168 (3)
166,0,Mirego,71 (0) Mars Attaque,,,169 (3)
167,0,Violet Volvox,111 (0) Mars Attaque,,,170 (3)
168,0,New Disk on the Block,107 (0) Mars Attaque,,,171 (3)
169,0,Johnny rutabagas,69 (0) Mars Attaque,,,172 (3)
170,0,Juridisques,22 (0) Victo Bowl,,,143 (-27)
171,0,Double Zebra,74 (0) Mars Attaque,,,173 (2)
172,0,Mean Machine,97 (0) Mars Attaque,,,174 (2)
173,0,Spider pigs,21 (0) Victo Bowl,,,140 (-33)
174,0,Just catch it,81 (0) Mars Attaque,,,175 (1)
175,0,Rockstar,79 (0) Mars Attaque,,,176 (1)
176,0,Flickatibis,47 (0) Bonne annee,,,144 (-32)
177,0,Hammock,65 (0) Mars Attaque,,,177 (0)
178,0,Alain Térieur,94 (0) Mars Attaque,,,178 (0)
179,0,Laurie-Ann,98 (0) Mars Attaque,,,179 (0)
180,0,Fous du Nord,108 (0) Mars Attaque,,,180 (0)
181,0,Cobra Kai,34 (0) Mars Attaque,,,181 (0)
182,0,Discobols,40 (0) Mars Attaque,,,182 (0)
183,0,Disco pimp,87 (0) Mars Attaque,,,183 (0)
184,0,Bisons,77 (0) Mars Attaque,,,184 (0)
185,0,Free Runners,89 (0) Mars Attaque,,,185 (0)
186,0,Funners Gonna Fun,36 (0) Mars Attaque,,,186 (0)
187,0,Jolies,46 (0) Mars Attaque,,,187 (0)
188,0,Cold Fx,63 (0) Mars Attaque,,,188 (0)
189,0,Disc Catchers,106 (0) Mars Attaque,,,189 (0)
