1, Machine
2, Madison Club
3, High Five
4, Inception
5, Sub Zero
6, Streetgang
7, LA Renegade
8, Garuda
9, Sprawl
10, Brickyard
11, Prairie Fire
12, Medicine Men
13, Chicago Club
14, Oaks
15, Castle
16, Space City Ignite
17, Dire Wolf
18, Haymaker
19, Gnarwhal
20, Beachfront Property
21, Lake Effect
22, Freaks Uv Nature
23, Mufasa
24, Mad Men
25, H1N1
26, yogosbo
27, INfamous
28, City Park Ultimate
29, Spoiler
30, Inception-Red
31, Illusion
32, Hustle
33, Shinigami
34, Black Penguins
35, Hippie Mafia

